,title,description,link,rank,query
0,AT&T Offers New Samsung Galaxy A17 5G and ...,"On Jan. 9, new and existing customers can purchase the new Samsung Galaxy A17 5G and Galaxy Tab A11+ 5G in-store, on the myAT&T app or at att.com.",https://about.att.com/aboutus/pressrelease/2026/new-samsung-galaxy.html,1,site:https://about.att.com/ before:2026-01-09 after:2026-01-01
1,Mitsubishi Motors and AT&T Bring 5G Connectivity to the ...,"High-speed AT&T 5G turns Mitsubishi's flagship SUV into a smart, connected experience for drivers and passengers.",https://about.att.com/aboutus/pressrelease/2026/5g-connectivity-mitsubishi-motors.html,2,site:https://about.att.com/ before:2026-01-09 after:2026-01-01
2,AT&T Business Announces Small Business Contest Winner,"AT&T Business Awards $50,000 to Small Business Contest Winner Nourish + Bloom Market.Read more",https://about.att.com/aboutus/pressrelease/2026/small-business-contest-winner.html,3,site:https://about.att.com/ before:2026-01-09 after:2026-01-01
3,AT&T Unveils IoT Network Intelligence at CES 2026,"AT&T is advancing the future of IoT with the debut of AT&T IoT Network Intelligence. Purpose-built for the next era of connectivity, this solution provides ...Read more",https://about.att.com/story/2026/att-unveils-iot-network-intelligence.html,4,site:https://about.att.com/ before:2026-01-09 after:2026-01-01
4,AT&T and iM Media Labs Unveil Strategic Collaboration,"Unveiled at CES 2026, this new offering from AT&T Connected Car™ will integrate iM Media Labs' innovative media platform with AT&T's 5G connectivity, creating a ...Read more",https://about.att.com/aboutus/pressrelease/2026/att-im-media-labs-collaboration.html,5,site:https://about.att.com/ before:2026-01-09 after:2026-01-01
5,American Airlines Launches FREE High-Speed Wi-Fi ...,American takes connectivity to new heights with free high-speed Wi-Fi on more than 2 million American Airlines flights a year ...Read more,https://about.att.com/aboutus/pressrelease/2026/american-airlines-launches-free-wifi.html,6,site:https://about.att.com/ before:2026-01-09 after:2026-01-01
6,AT&T Offers New Samsung Galaxy A17 5G and ...,"On Jan. 9, new and existing customers can purchase the new Samsung Galaxy A17 5G and Galaxy Tab A11+ 5G in-store, on the myAT&T app or at att.com.",https://about.att.com/story/2026/new-samsung-galaxy.html,7,site:https://about.att.com/ before:2026-01-09 after:2026-01-01
7,Spectrum Techs Bike to Power Fiber Broadband Network,"On carless Mackinac Island, Spectrum Techs use bike and horse-drawn carriages to help strengthen the Spectrum Fiber Broadband Network for residents and ...",https://corporate.charter.com/newsroom/spectrum-technicians-bike-to-power-fiber-broadband-network,1,site:https://corporate.charter.com/newsroom before:2026-01-09 after:2026-01-01
8,"Spectrum Launches Gigabit Broadband in Onslow County, N.C.","Spectrum has launched Internet, Mobile, TV and Voice services to more than 950 homes and small businesses in Onslow County, North Carolina.",https://corporate.charter.com/newsroom/spectrum-launches-gigabit-broadband-in-onslow-county-north-carolina,2,site:https://corporate.charter.com/newsroom before:2026-01-09 after:2026-01-01
9,"Spectrum Launches Gigabit Broadband in Jones County, N.C.","Spectrum has launched Internet, Mobile, TV and Voice services to nearly 1600 homes and small businesses in Jones County, North Carolina.",https://corporate.charter.com/newsroom/spectrum-launches-gigabit-broadband-in-jones-county-north-carolina,3,site:https://corporate.charter.com/newsroom before:2026-01-09 after:2026-01-01
10,"Spectrum Launches Gigabit Broadband in Bladen County, N.C.","Spectrum has launched Internet, Mobile, TV and Voice services to more than 1300 homes and small businesses in Bladen County, North Carolina.",https://corporate.charter.com/newsroom/spectrum-launches-gigabit-broadband-in-bladen-county-north-carolina,4,site:https://corporate.charter.com/newsroom before:2026-01-09 after:2026-01-01
11,"Spectrum Launches Gigabit Broadband in Pamlico County, N.C.","Spectrum has launched Internet, Mobile, TV and Voice services to more than 1200 homes and small businesses in Pamlico County, North Carolina.",https://corporate.charter.com/newsroom/spectrum-expands-gigabit-broadband-in-pamlico-county-north-carolina,5,site:https://corporate.charter.com/newsroom before:2026-01-09 after:2026-01-01
12,Spectrum News is Most-Watched News Network Among ...,"Spectrum News was the most-watched news network for reliable and objective reporting in 2025 among Spectrum customers, according to Spectrum set-top box and ...",https://corporate.charter.com/newsroom/spectrum-news-most-watched-network-ratings-2025,6,site:https://corporate.charter.com/newsroom before:2026-01-09 after:2026-01-01
13,Los Angeles Lakers Games on Spectrum Front Row in Apple ...,"Users with a free NBA ID will also have access to live games, full-game replays, and highlights via the NBA app.",https://corporate.charter.com/newsroom/los-angeles-lakers-games-on-spectrum-front-row-in-apple-immersive-tip-off-january-nine,7,site:https://corporate.charter.com/newsroom before:2026-01-09 after:2026-01-01
14,Press Room - Comcast Corporation - Xfinity,"Comcast Business announced it has closed 2025 with one of the most extensive waves of independent analyst recognition in its history, cementing its position as ...Read more",https://corporate.comcast.com/press?page=3,1,site:https://corporate.comcast.com/press before:2026-01-09 after:2026-01-01
15,Xumo Introduces Advanced Identity Solution to Power Smarter ...,"Xumo, the streaming joint venture between Comcast and Charter Communications, today announced the launch of a new advanced identity solution designed to help ...Read more",https://corporate.comcast.com/press/releases/xumo-introduces-advanced-identity-solution-smarter-streaming-investments,2,site:https://corporate.comcast.com/press before:2026-01-09 after:2026-01-01
16,NBCUniversal's Peacock to Be First Streamer to Integrate ...,"Throughout 2026, Peacock will be onboarding more live sports into Dolby Vision and Atmos experiences, including Sunday Night Football, NBA, and MLB, making ...Read more",https://corporate.comcast.com/press/releases/nbcuniversals-peacock-first-streamer-integrate-dolby-full-suite-premium-picture-sound-innovations,3,site:https://corporate.comcast.com/press before:2026-01-09 after:2026-01-01
17,Record-Setting Season as “Sunday Night Football” on NBC ...,"""Our milestone 20th season of Sunday Night Football once again delivered a best-in-class presentation with record-setting viewership, thanks to our outstanding ...Read more",https://corporate.comcast.com/press/releases/record-setting-season-sunday-night-football-nbc-peacock-23-million-viewers-1-show-15th-consecutive-year,4,site:https://corporate.comcast.com/press before:2026-01-09 after:2026-01-01
18,NBC Olympics Announces 82 Commentators for Coverage of ...,"Mike Tirico leads a roster of 82 commentators for NBCUniversal's coverage of the Milan Cortina 2026 Olympic Winter Games, scheduled for Feb. 6-22.",https://corporate.comcast.com/press/releases/nbc-olympics-announces-82-commentators-coverage-milan-cortina-2026-olympic-winter-games,5,site:https://corporate.comcast.com/press before:2026-01-09 after:2026-01-01
19,"NBCUniversal, RPA, FreeWheel, and Newton Research ...","Today NBCUniversal, independent agency RPA, FreeWheel, and Newton Research announced a partnership to introduce a breakthrough approach to buying premium video ...Read more",https://corporate.comcast.com/press/releases/nbcuniversal-rpa-freewheel-newton-research-agentic-ai-buying-across-linear-digital-premium-video,6,site:https://corporate.comcast.com/press before:2026-01-09 after:2026-01-01
20,Celebrating 100 Years of NBC: TODAY Looks Back at a ...,"NBCUniversal will host 40% of the industry's major live events in 2026, beginning with Legendary February, an extraordinary 17-day stretch featuring the Super ...Read more",https://corporate.comcast.com/press/releases/celebrating-100-years-of-nbc-today-looks-back-at-a-century-of-broadcast,7,site:https://corporate.comcast.com/press before:2026-01-09 after:2026-01-01
21,Super Bowl LX and Milan Cortina 2026 Olympic Winter ...,"NBC and Peacock will be home to the biggest day in sports, showcasing Super Bowl LX in Santa Clara, Calif., and the Milan Cortina 2026 Olympic Winter Games, ...",https://corporate.comcast.com/press/releases/super-bowl-lx-milan-cortina-2026-olympic-winter-games-headline-legendary-february-nbc-peacock,8,site:https://corporate.comcast.com/press before:2026-01-09 after:2026-01-01
22,For NBC Sports' Coverage of The Milan Cortina 2026 Olympic ...,"NBCUniversal today announced new dynamic features coming to Peacock during Legendary February (the 2026 Milan Cortina Winter Olympics, Super Bowl LX, and 2026 ...Read more",https://corporate.comcast.com/press/releases/peacock-adds-features-rinkside-live-courtside-live-nbc-sports-coverage-milan-cortina-2026-olympic-games-nba,9,site:https://corporate.comcast.com/press before:2026-01-09 after:2026-01-01
23,Watch Judy Justice Season 4 on Prime Video,Judge Judy Sheindlin is back for another season of the Daytime Emmy-winning courtroom series.,https://www.aboutamazon.com/news/entertainment/judge-judy-justice-prime-video,1,site:https://www.aboutamazon.com/news before:2026-01-09 after:2026-01-01
24,Talk to Alexa in your browser with new AI assistant ...,This is a new interaction model and adds a powerful way to use and collaborate with Alexa+.Read more,https://www.aboutamazon.com/news/devices/alexa-plus-web-ai-assistant,2,site:https://www.aboutamazon.com/news before:2026-01-09 after:2026-01-01
25,Amazon's new Fire TV user interface gets you to what ...,"So, to kick off 2026, we're upgrading how customers browse for content with a new, redesigned user interface (UI), launching a transformed Fire TV mobile app, ...Read more",https://www.aboutamazon.com/news/devices/new-fire-tv-upgrades-features-2026,3,site:https://www.aboutamazon.com/news before:2026-01-09 after:2026-01-01
26,How wearable AI device Bee is evolving at Amazon,"Bee learns from conversations, emails, and other information you choose to share to provide personalized insights and suggested actions.Read more",https://www.aboutamazon.com/news/devices/bee-amazon-wearable-ai-device-new-features,4,site:https://www.aboutamazon.com/news before:2026-01-09 after:2026-01-01
27,5 ways Amazon's newest Dash Cart can save you time and ...,The Dash Cart's built-in screen displays prices and maintains a running total as customers shop.Read more,https://www.aboutamazon.com/news/retail/amazon-redesigned-dash-cart-whole-foods-market,5,site:https://www.aboutamazon.com/news before:2026-01-09 after:2026-01-01
28,"Service, community, and commitment at HQ2",Amazon proudly partnered with DC Startup & Tech Week (DCSTW) and Arlington Economic Development (AED) to celebrate the special tenth anniversary of this ...Read more,https://www.aboutamazon.com/news/community/amazon-arlington-virginia-news,6,site:https://www.aboutamazon.com/news before:2026-01-09 after:2026-01-01
29,"Alexa+ expands to Samsung TVs, BMW cars, and more in ...","Samsung will be the first third-party manufacturer to build in Alexa+, bringing voice-controlled entertainment and smart home management to their smart TVs.Read more",https://www.aboutamazon.com/news/devices/alexa-plus-samsung-bmw-bosch-oura-integrations,7,site:https://www.aboutamazon.com/news before:2026-01-09 after:2026-01-01
30,A complete list of Amazon's S-team members,"Amazon's S-team: Meet the 28 members who make up our senior leadership team · Aicha Evans, CEO, Zoox · Amit Agarwal, SVP, India and Emerging Markets · Andy ...Read more",https://www.aboutamazon.com/news/workplace/amazon-s-team-members,8,site:https://www.aboutamazon.com/news before:2026-01-09 after:2026-01-01
31,"Who is Peter DeSantis, Amazon's new leader for AGI, chips ...","After 27 years at Amazon, DeSantis now oversees a new organization uniting some of the company's most ambitious long-term technology bets.",https://www.aboutamazon.com/news/innovation-at-amazon/peter-desantis-amazon-artificial-general-intelligence,9,site:https://www.aboutamazon.com/news before:2026-01-09 after:2026-01-01
32,How to thank my Amazon driver,Customers can thank their driver for their most recent delivery while shopping on Amazon or on Alexa-enabled devices.,https://www.aboutamazon.com/news/transportation/thank-my-driver-amazon-delivery,10,site:https://www.aboutamazon.com/news before:2026-01-09 after:2026-01-01
33,How to use Amazon Family to share Prime benefits,Did you know you can set up shopping profiles for each adult member of your family? Or that you can share several Prime benefits and other digital content?Read more,https://www.aboutamazon.com/news/retail/how-does-amazon-family-work,1,site:https://www.aboutamazon.com/news before:2026-01-09 after:2026-01-01
34,How to stream NFL playoff game on Prime Video,"Prime Video's NFL coverage continues with an exclusive Wild Card game on Saturday, January 10, as Caleb Williams and the Chicago Bears host Jordan Love and the ...Read more",https://www.aboutamazon.com/news/entertainment/nfl-wildcard-playoff-game-amazon-prime-video,2,site:https://www.aboutamazon.com/news before:2026-01-09 after:2026-01-01
35,CES 2026: Key announcements from Amazon,"We're debuting new Ring features, an enhanced Fire TV experience, Alexa.com, a suite of Alexa+ integrations, and more.",https://www.aboutamazon.com/news/devices/amazon-ces-2026-fire-tv-ring-alexa-plus,3,site:https://www.aboutamazon.com/news before:2026-01-09 after:2026-01-01
36,'Beast Games' Season 2 is coming to Prime Video— ...,"This season, 200 players face off in the ultimate collision of brain and biceps. Alliances will form and trust will break. Every challenge pushes the limits of ...Read more",https://www.aboutamazon.com/news/entertainment/mr-beast-prime-video-season-2-beast-games,4,site:https://www.aboutamazon.com/news before:2026-01-09 after:2026-01-01
37,Thursday Night Football: Everything you need to know ...,"Find out who's playing, how to watch, and who won each week. Plus, get all the latest 'Thursday Night Football' news from Prime Video.Read more",https://www.aboutamazon.com/news/entertainment/everything-you-need-to-know-about-thursday-night-football-on-prime-video,5,site:https://www.aboutamazon.com/news before:2026-01-09 after:2026-01-01
38,"This Year, We're Leveling Up with Indie Games","This Year, We're Leveling Up with Indie Games: Indie Selects for January · Demonschool · Demonschool · Morsels · Morsels · Gigasword · GIGASWORD · Goodnight ...Read more",https://news.xbox.com/en-us/2026/01/07/indie-selects-january-2026/,1,site:https://news.xbox.com/en-us/?xr=footnav before:2026-01-09 after:2026-01-01
39,Maybe the Real Code Vein II is the Friends We Make Along ...,"We went hands on with Code Vein II, coming to Xbox Series X|S on January 30, and learned about the power of friendship and anime.",https://news.xbox.com/en-us/2026/01/05/code-vein-ii-preview/,2,site:https://news.xbox.com/en-us/?xr=footnav before:2026-01-09 after:2026-01-01
40,"Developer_Direct Returns January 22: Watch Fable, Forza ...","We're kicking off 2026 with the fourth installment of Developer_Direct on January 22 – bringing you new gameplay and insights for Fable, Forza Horizon 6, ...",https://news.xbox.com/en-us/2026/01/08/xbox-developer-direct-2026/,3,site:https://news.xbox.com/en-us/?xr=footnav before:2026-01-09 after:2026-01-01
41,"Coming to Xbox Game Pass: Star Wars Outlaws, Resident ...","Experience the first-ever open world Star Wars game, set between the events of “The Empire Strikes Back” and “Return of the Jedi.” Explore distinct locations ...Read more",https://news.xbox.com/en-us/2026/01/06/xbox-game-pass-january-2026-wave-1/,4,site:https://news.xbox.com/en-us/?xr=footnav before:2026-01-09 after:2026-01-01
42,Towerborne Launches February 26 with Massive Full ...,"Grab Towerborne's full game Standard or Deluxe Editions on February 26, 2026, to join the fight. Towerborne Deluxe Edition. Towerborne Deluxe Edition. Xbox Game ...Read more",https://news.xbox.com/en-us/2026/01/08/towerborne-launches-february-26-with-massive-full-game-update/,5,site:https://news.xbox.com/en-us/?xr=footnav before:2026-01-09 after:2026-01-01
43,Xbox to Bring Cloud Gaming to Select Hisense and V ...,"Expanding the Xbox Cloud Ecosystem​​ Our vision is to make sure your games, your community, and your achievements are always within reach.Read more",https://news.xbox.com/en-us/2026/01/05/xbox-bring-cloud-gaming-select-hisense-homeos-powered-smart-tvs/,6,site:https://news.xbox.com/en-us/?xr=footnav before:2026-01-09 after:2026-01-01
44,Next Week on Xbox: New Games for January 12 to 16,"Next Week on Xbox: Bus Driving Simulator: Evo, SimRail - The Railway Simulator, Tavern Manager Simulator, and more simulators coming soon!",https://news.xbox.com/en-us/2026/01/09/next-week-on-xbox-new-games-for-january-12-to-16/,7,site:https://news.xbox.com/en-us/?xr=footnav before:2026-01-09 after:2026-01-01
45,The Ultimate Competition for the Best U.S. High School ...,"Participants in this year's events will include top recruits from the class of 2027, as well as standout underclassmen, all competing free of charge. Each ...Read more",https://about.nike.com/en/newsroom/releases/the-opening-2026,1,site:https://about.nike.com/en/newsroom before:2026-01-09 after:2026-01-01
46,Tackling Gameday Messes from Playoffs to Super Bowl LX,"Bounty Returns as the Ultimate Wingman - Tackling Gameday Messes from Playoffs to Super Bowl LX · Why Wings, Why Bounty? · Enter Rob Gronkowski & Charissa ...Read more",https://us.pg.com/newsroom/news-releases/Bounty-Returns-as-the-Ultimate-Wingman---Tackling-Gameday-Messes-from-Playoffs-to-Super-Bowl-LX/,1,site:https://us.pg.com/newsroom/ before:2026-01-09 after:2026-01-01
47,Tackling Gameday Messes from Playoffs to Super Bowl LX,Bounty Returns as the Ultimate Wingman - Tackling Gameday Messes from Playoffs to Super Bowl LX.,https://us.pg.com/newsroom/news-releases/Bounty-Returns-as-the-Ultimate-Wingman---Tackling-Gameday-Messes-from-Playoffs-to-Super-Bowl-LX/,1,site:https://us.pg.com/newsroom/ before:2026-01-09 after:2026-01-01
48,Tackling Gameday Messes from Playoffs to Super Bowl LX,"Bounty Returns as the Ultimate Wingman - Tackling Gameday Messes from Playoffs to Super Bowl LX · Why Wings, Why Bounty? · Enter Rob Gronkowski & Charissa ...Read more",https://us.pg.com/newsroom/news-releases/Bounty-Returns-as-the-Ultimate-Wingman---Tackling-Gameday-Messes-from-Playoffs-to-Super-Bowl-LX/,1,site:https://us.pg.com/newsroom/ before:2026-01-09 after:2026-01-01
49,Tackling Gameday Messes from Playoffs to Super Bowl LX,"Bounty Returns as the Ultimate Wingman - Tackling Gameday Messes from Playoffs to Super Bowl LX · Why Wings, Why Bounty? · Enter Rob Gronkowski & Charissa ...Read more",https://us.pg.com/newsroom/news-releases/Bounty-Returns-as-the-Ultimate-Wingman---Tackling-Gameday-Messes-from-Playoffs-to-Super-Bowl-LX/,1,site:https://us.pg.com/newsroom/ before:2026-01-09 after:2026-01-01
50,Tackling Gameday Messes from Playoffs to Super Bowl LX,"Bounty Returns as the Ultimate Wingman - Tackling Gameday Messes from Playoffs to Super Bowl LX · Why Wings, Why Bounty? · Enter Rob Gronkowski & Charissa ...Read more",https://us.pg.com/newsroom/news-releases/Bounty-Returns-as-the-Ultimate-Wingman---Tackling-Gameday-Messes-from-Playoffs-to-Super-Bowl-LX/,1,site:https://us.pg.com/newsroom/ before:2026-01-09 after:2026-01-01
51,Tackling Gameday Messes from Playoffs to Super Bowl LX,"Bounty Returns as the Ultimate Wingman - Tackling Gameday Messes from Playoffs to Super Bowl LX · Why Wings, Why Bounty? · Enter Rob Gronkowski & Charissa ...Read more",https://us.pg.com/newsroom/news-releases/Bounty-Returns-as-the-Ultimate-Wingman---Tackling-Gameday-Messes-from-Playoffs-to-Super-Bowl-LX/,1,site:https://us.pg.com/newsroom/ before:2026-01-09 after:2026-01-01
52,Tackling Gameday Messes from Playoffs to Super Bowl LX,"Bounty Returns as the Ultimate Wingman - Tackling Gameday Messes from Playoffs to Super Bowl LX · Why Wings, Why Bounty? · Enter Rob Gronkowski & Charissa ...Read more",https://us.pg.com/newsroom/news-releases/Bounty-Returns-as-the-Ultimate-Wingman---Tackling-Gameday-Messes-from-Playoffs-to-Super-Bowl-LX/,1,site:https://us.pg.com/newsroom/ before:2026-01-09 after:2026-01-01
53,Tackling Gameday Messes from Playoffs to Super Bowl LX,"Bounty Returns as the Ultimate Wingman - Tackling Gameday Messes from Playoffs to Super Bowl LX · Why Wings, Why Bounty? · Enter Rob Gronkowski & Charissa ...Read more",https://us.pg.com/newsroom/news-releases/Bounty-Returns-as-the-Ultimate-Wingman---Tackling-Gameday-Messes-from-Playoffs-to-Super-Bowl-LX/,1,site:https://us.pg.com/newsroom/ before:2026-01-09 after:2026-01-01
54,"Target Launches a New Era in Wellness, Strengthening its ...",Assortment grows by 30% to bring more on-trend wellness brands and products to Target; Thousands of items are priced under $10 to help guests build routines ...Read more,"https://corporate.target.com/press/release/2026/01/target-launches-a-new-era-in-wellness,-strengthening-its-leadership-as-the-destination-for-trend-for",1,site:https://corporate.target.com/press before:2026-01-09 after:2026-01-01
55,Kroger Unveils Customer's 2025 Yearly Checkout,"Customers can access household annual savings in retailer's Yearly Checkout feature. CINCINNATI, Jan. 7, 2026 /PRNewswire/ -- The Kroger Co.",https://ir.kroger.com/news/news-details/2026/Kroger-Unveils-Customers-2025-Yearly-Checkout/default.aspx,1,site:https://ir.kroger.com/News/ before:2026-01-09 after:2026-01-01
56,"Kroger Announces the Sale of Vitacost.com, Inc.","CINCINNATI, Jan. 9, 2026 /PRNewswire/ -- The Kroger Co. (NYSE: KR) today announced the sale of its subsidiary, Vitacost.com, Inc., an eCommerce retailer of ...",https://ir.kroger.com/news/news-details/2026/Kroger-Announces-the-Sale-of-Vitacost-com-Inc-/default.aspx,2,site:https://ir.kroger.com/News/ before:2026-01-09 after:2026-01-01
57,Tackling Gameday Messes from Playoffs to Super Bowl LX,"Bounty Returns as the Ultimate Wingman - Tackling Gameday Messes from Playoffs to Super Bowl LX · Why Wings, Why Bounty? · Enter Rob Gronkowski & Charissa ...",https://us.pg.com/newsroom/news-releases/Bounty-Returns-as-the-Ultimate-Wingman---Tackling-Gameday-Messes-from-Playoffs-to-Super-Bowl-LX/,1,site:https://us.pg.com/newsroom/ before:2026-01-09 after:2026-01-01
58,Press releases | Latest Company News & Updates,"Haleon introduces a new Chief Growth Officer and updated Operating Units to drive growth, accelerate innovation and create a more agile global organisation.Read more",https://www.haleon.com/news/press-releases,1,site:https://www.haleon.com/news/press-releases before:2026-01-09 after:2026-01-01
59,Evolution of operating model to drive growth and agility,Haleon plc (the “Company” or “Haleon”) (LSE/NYSE: HLN) has today announced that it is evolving its operating model in support of its Win as One strategy to ...Read more,https://www.haleon.com/news/press-releases/financial/2026/haleon-operating-model-evolution-2026,2,site:https://www.haleon.com/news/press-releases before:2026-01-09 after:2026-01-01
60,Tackling Gameday Messes from Playoffs to Super Bowl LX,"Bounty Returns as the Ultimate Wingman - Tackling Gameday Messes from Playoffs to Super Bowl LX · Why Wings, Why Bounty? · Enter Rob Gronkowski & Charissa ...Read more",https://us.pg.com/newsroom/news-releases/Bounty-Returns-as-the-Ultimate-Wingman---Tackling-Gameday-Messes-from-Playoffs-to-Super-Bowl-LX/,1,site:https://us.pg.com/newsroom/ before:2026-01-09 after:2026-01-01
61,Tackling Gameday Messes from Playoffs to Super Bowl LX,"Bounty Returns as the Ultimate Wingman - Tackling Gameday Messes from Playoffs to Super Bowl LX · Why Wings, Why Bounty? · Enter Rob Gronkowski & Charissa ...Read more",https://us.pg.com/newsroom/news-releases/Bounty-Returns-as-the-Ultimate-Wingman---Tackling-Gameday-Messes-from-Playoffs-to-Super-Bowl-LX/,1,site:https://us.pg.com/newsroom/ before:2026-01-09 after:2026-01-01
62,Pilot's New App Update Keeps Drivers Moving,"Pilot, the largest network of travel centers, is bringing an all-new look to the Pilot app with a redesigned, faster and more intuitive experience that ...",https://newsroom.pilotcompany.com/pilots-new-app-update-keeps-drivers-moving/,1,site:https://newsroom.pilotcompany.com/ before:2026-01-09 after:2026-01-01
63,Newsroom,Chevron has always put people at the center of the energy conversation. Because we understand that the well-being of people everywhere depends on energy.Read more,https://www.chevron.com/newsroom,1,site:https://www.chevron.com/newsroom?utm_source=GGL
64,Newsroom Archive,Chevron has always put people at the center of the energy conversation. Because we understand that the well-being of people everywhere depends on energy.Read more,https://www.chevron.com/newsroom/archive,2,site:https://www.chevron.com/newsroom?utm_source=GGL
65,Media Contacts - Newsroom,Chevron has always put people at the center of the energy conversation. Because we understand that the well-being of people everywhere depends on energy. Energy ...Read more,https://www.chevron.com/newsroom/media,3,site:https://www.chevron.com/newsroom?utm_source=GGL
66,Our Operations Newsroom,"Find the latest news on our operations. Learn about our projects that help bring affordable, reliable, ever-cleaner energy to the world.",https://www.chevron.com/newsroom/our-operations,4,site:https://www.chevron.com/newsroom?utm_source=GGL
67,human energy newsletter,Chevron has always put people at the center of the energy conversation. Because we understand that the well-being of people everywhere depends on energy.Read more,https://www.chevron.com/newsroom/preference-center,5,site:https://www.chevron.com/newsroom?utm_source=GGL
68,Chevron Publication Collection,Chevron has always put people at the center of the energy conversation. Because we understand that the well-being of people everywhere depends on energy. Energy ...Read more,https://www.chevron.com/newsroom/media/publications,6,site:https://www.chevron.com/newsroom?utm_source=GGL
69,Subscribe to the Chevron Newsletter,Chevron has always put people at the center of the energy conversation. Because we understand that the well-being of people everywhere depends on energy. Energy ...Read more,https://www.chevron.com/newsroom/national-ctrewards-subscribe,7,site:https://www.chevron.com/newsroom?utm_source=GGL
70,Explainers,"explainers. amp up your energy expertise with our curated series of articles. Two Chevron workers having a discussion. explainer: where does methane come from, ...Read more",https://www.chevron.com/newsroom/2024/q1/explainers,8,site:https://www.chevron.com/newsroom?utm_source=GGL
71,People and Community Newsroom,"Meet the people who make us the human energy company, and find out what we're doing in the communities where we operate.Read more",https://www.chevron.com/newsroom/people-and-community,9,site:https://www.chevron.com/newsroom?utm_source=GGL
72,The Chevron Championship,The Chevron Championship features world-class athletes and demonstrates the power of women's excellence on and off the golf course. The ...Read more,https://www.chevron.com/newsroom/events/the-chevron-championship,10,site:https://www.chevron.com/newsroom?utm_source=GGL
73,Renewable gasoline blends,Renewable gasoline blends are drop-in fuels compatible with cars on the road today. Access to gasoline with less carbon intensity gives each of us an ...Read more,https://www.chevron.com/newsroom/events/renewable-gasoline-blends,1,site:https://www.chevron.com/newsroom?utm_source=GGL
74,Thomas W. Horton joins Chevron's Board of Directors,Chevron Corporation (NYSE: CVX) today announced Thomas W. Horton has joined the company's Board of Directors as an Independent Director and ...,https://www.chevron.com/newsroom/2026/q1/thomas-w-horton-joins-chevrons-board-of-directors,2,site:https://www.chevron.com/newsroom?utm_source=GGL
75,2024 Corporate Sustainability Highlights,"Your Privacy Matters to Us Our websites require some cookies to function properly (""Strictly Necessary""). In addition, we use our own and third-party cookies.Read more",https://www.chevron.com/newsroom/media/publications/corporate-sustainability-highlights,3,site:https://www.chevron.com/newsroom?utm_source=GGL
76,Chevron in Houston,"Chevron's STEM Zone brings science, technology, engineering and math (STEM) to life for students in Houston. Chevron is the Official Volunteerism Partner of the ...Read more",https://www.chevron.com/newsroom/2022/q3/chevron-in-houston,4,site:https://www.chevron.com/newsroom?utm_source=GGL
77,2022 Chevron Investor Day,"Chevron leaders reaffirmed our primary objective – to deliver higher returns, lower carbon and superior stockholder value in any business environment.Read more",https://www.chevron.com/newsroom/events/chevron-investor-day-2022,5,site:https://www.chevron.com/newsroom?utm_source=GGL
78,environmental management company,"Chevron's Environmental Management Company (EMC) leads the company's global remediation, reclamation and asset retirement work.Read more",https://www.chevron.com/newsroom/2020/q2/environmental-management-company,6,site:https://www.chevron.com/newsroom?utm_source=GGL
79,Advancing Energy Progress - CERAWeek 2025,"Explore key topics Chevron is discussing at CERAWeek, as we partner and innovate to help advance a reliable, affordable and lower carbon future.Read more",https://www.chevron.com/newsroom/events/chevron-at-ceraweek-2025,7,site:https://www.chevron.com/newsroom?utm_source=GGL
80,Chevron at Gastech 2023,"We joined industry leaders and policy experts in a conversation about the future of energy at Gastech 2023, a global event that's brought the energy industry ...Read more",https://www.chevron.com/newsroom/events/chevron-at-gastech-2023,8,site:https://www.chevron.com/newsroom?utm_source=GGL
81,Caring for Colorado communities,Chevron's commitment to Colorado goes beyond producing the energy the state needs to thrive.,https://www.chevron.com/newsroom/2025/q3/caring-for-colorado-communities,9,site:https://www.chevron.com/newsroom?utm_source=GGL
82,Chevron announces agreement to acquire noble energy,"Chevron Corporation (NYSE: CVX) announced today that it has entered into a definitive agreement with Noble Energy, Inc. (NASDAQ: NBL) to ...",https://www.chevron.com/newsroom/2020/q2/chevron-acquires-noble-energy,10,site:https://www.chevron.com/newsroom?utm_source=GGL
83,Company News | Marathon Petroleum Newsroom,"Marathon Petroleum Corp. to Report Fourth-Quarter and Full-Year Financial Results on February 3, 2026.",https://www.marathonpetroleum.com/Newsroom/Company-News/,1,site:https://www.marathonpetroleum.com/Newsroom/Company-News/ before:2026-01-09 after:2026-01-01
84,First ARCO® Station opens in Ciudad Juárez,The first of a series of ARCO® stations in Ciudad Juárez in the state of Chihuahua. Petrol currently has 13 stations in operation and with more than 15 years ...,https://www.marathonpetroleum.com/Newsroom/Company-News/First-ARCO%C2%AE-Station-opens-in-Ciudad-Ju%C3%A1rez/,2,site:https://www.marathonpetroleum.com/Newsroom/Company-News/ before:2026-01-09 after:2026-01-01
85,Denver-based employees join Habitat for Humanity Energy ...,The Energy Build was nominated as part of the Habitat Metro Denver Energy Industry Collaboration in the Outstanding Large Business category for National ...,https://www.marathonpetroleum.com/Newsroom/Company-News/Denver-based-employees-join-Habitat-for-Humanity-Energy-Build/,3,site:https://www.marathonpetroleum.com/Newsroom/Company-News/ before:2026-01-09 after:2026-01-01
86,MPCgives Invitational raises $2.26 million,"The MPCgives Invitational scored a win for charity at the golf and networking event held in San Antonio, Texas, in October. With the support of our generous ...",https://www.marathonpetroleum.com/Newsroom/Company-News/MPCgives-Invitational-raises-226-million-for-community-investments-and-grants/,4,site:https://www.marathonpetroleum.com/Newsroom/Company-News/ before:2026-01-09 after:2026-01-01
87,Building a mountainside pipeline,"A recently completed phase of a 120-mile pipeline project from Sherwood processing facility in West Union, West Virginia, to a fractionator at the Hopedale ...",https://www.marathonpetroleum.com/Newsroom/Company-News/Building-a-mountainside-pipeline/,5,site:https://www.marathonpetroleum.com/Newsroom/Company-News/ before:2026-01-09 after:2026-01-01
88,Preparing the Engineering Leaders of Tomorrow,"“MPC is committed to fostering a diverse and inclusive workplace,” said Jaime De La Cruz, MPC's director of Human Resources – Organizational Capability. “We ...",https://www.marathonpetroleum.com/Newsroom/Company-News/Preparing-the-Engineering-Leaders-of-Tomorrow/,6,site:https://www.marathonpetroleum.com/Newsroom/Company-News/ before:2026-01-09 after:2026-01-01
89,Cincinnati Biorefining Division Recertified for BQ-9000,The Cincinnati Biorefining Division was recently recertified for BQ-9000. This marks the fourth recertification for the refinery since 2011. Established by the ...,https://www.marathonpetroleum.com/Newsroom/Company-News/Cincinnati-Biorefining-Division-Recertified-for-BQ-9000/,7,site:https://www.marathonpetroleum.com/Newsroom/Company-News/ before:2026-01-09 after:2026-01-01
90,MPL receives Star worksite recognition in Ohio,Heath Area operations is one of 83 sites in the state of Ohio to achieve this certification.,https://www.marathonpetroleum.com/Newsroom/Company-News/MPL-receives-Star-worksite-recognition-in-Ohio/,8,site:https://www.marathonpetroleum.com/Newsroom/Company-News/ before:2026-01-09 after:2026-01-01
91,Marathon seeks permits for Martinez renewable diesel ...,"If the project is commissioned, the Martinez facility would be expected to start producing renewable diesel in 2022, with a build to full capacity in 2023. At ...",https://www.marathonpetroleum.com/Newsroom/Company-News/Marathon-seeks-permits-for-Martinez-renewable-diesel-project/,9,site:https://www.marathonpetroleum.com/Newsroom/Company-News/ before:2026-01-09 after:2026-01-01
92,Marathon Fuel adds Detroit Lions to sports sponsorship ...,"The new multi-year agreement with the Detroit Lions spans the 2025 and 2026 NFL seasons, uniting two organizations that both value performance, perseverance and ...",https://www.marathonpetroleum.com/Newsroom/Company-News/Marathon-Fuel-adds-Detroit-Lions-to-sports-sponsorship-lineup/,10,site:https://www.marathonpetroleum.com/Newsroom/Company-News/ before:2026-01-09 after:2026-01-01
93,Giving Back is a Year-Round Effort at MPC,"Today, December 1, 2020 is National Day of Giving or GivingTuesday. Started in 2012, this inspirational day is recognized annually the Tuesday after ...Read more",https://www.marathonpetroleum.com/Newsroom/Company-News/Giving-Back-is-a-Year-Round-Effort-at-MPC/,1,site:https://www.marathonpetroleum.com/Newsroom/Company-News/ before:2026-01-09 after:2026-01-01
94,Catching for a Cause spreads hope for Kenai's food bank ...,"For Kenai, Catching for a Cause is a testament to what's possible when a community comes together to support its own.Read more",https://www.marathonpetroleum.com/Newsroom/Company-News/Catching-for-a-Cause-spreads-hope-for-Kenai%E2%80%99s-food-bank-and-community/,2,site:https://www.marathonpetroleum.com/Newsroom/Company-News/ before:2026-01-09 after:2026-01-01
95,Marathon Petroleum hosts community non-profit fair in ...,"Marathon Petroleum hosted a non-profit fair at its headquarters in Findlay, Ohio, to further connect employees with opportunities to give back.Read more",https://www.marathonpetroleum.com/Newsroom/Company-News/Marathon-Petroleum-hosts-community-non-profit-fair-in-Findlay-Ohio/,3,site:https://www.marathonpetroleum.com/Newsroom/Company-News/ before:2026-01-09 after:2026-01-01
96,Marathon Petroleum Nashville Asphalt Terminal ...,The award is the state's highest honor for workplace safety and health and is a nationally recognized program patterned after the OSHA Voluntary Protection ...Read more,https://www.marathonpetroleum.com/Newsroom/Company-News/Marathon-Petroleum-Nashville-Asphalt-Terminal-recognized-for-workplace-safety-record/,4,site:https://www.marathonpetroleum.com/Newsroom/Company-News/ before:2026-01-09 after:2026-01-01
97,Marathon Petroleum plants 150 trees in Detroit community ...,"The Wildlife Habitat Council is focused on restoring greenspaces in urban areas. The trees benefit the area in multiple ways, like managing stormwater runoff, ...Read more",https://www.marathonpetroleum.com/Newsroom/Company-News/Marathon-Petroleum-plants-150-trees-in-Detroit-community-in-one-day/,5,site:https://www.marathonpetroleum.com/Newsroom/Company-News/ before:2026-01-09 after:2026-01-01
98,Marathon Petroleum Corp. Publishes Annual Sustainability ...,"Marathon Petroleum Corp. (NYSE: MPC) today published two annual reports that expand its disclosures in environmental, social and governance (ESG) matters.Read more",https://www.marathonpetroleum.com/Newsroom/Company-News/Marathon-Petroleum-Corp-Publishes-Annual-Sustainability-and-Climate-Related-Perspectives-Reports/,6,site:https://www.marathonpetroleum.com/Newsroom/Company-News/ before:2026-01-09 after:2026-01-01
99,Forbes and JUST Capital Name Marathon Petroleum One ...,"The annual rankings are based on evaluations of the 1,000 largest public U.S. companies drawn from the Russell 1000 Index, which represents over 90% of the U.S. ...Read more",https://www.marathonpetroleum.com/Newsroom/Company-News/Forbes-and-JUST-Capital-Name-Marathon-Petroleum-One-of-America%E2%80%99s-Most-JUST-Companies/,7,site:https://www.marathonpetroleum.com/Newsroom/Company-News/ before:2026-01-09 after:2026-01-01
100,Meet MPC Specialist Trader Madelene Chung,"In celebration of International Women's Day, meet Madelene Chung, Marathon Petroleum Specialist Trader at our Singapore office.Read more",https://www.marathonpetroleum.com/Newsroom/Company-News/International-Women%E2%80%99s-Day-Meet-Marathon-Petroleum-Specialist-Trader-Madelene-Chung-at-our-Singapore/,8,site:https://www.marathonpetroleum.com/Newsroom/Company-News/ before:2026-01-09 after:2026-01-01
101,MPC grant helps United Way connect people to non ...,"The $65,000 MPC grant helps UWNEK maintain and expand the 211 program, which provides a simple, easy to remember number that people in the area can call to get ...Read more",https://www.marathonpetroleum.com/Newsroom/Company-News/Marathon-Petroleum-grant-helps-United-Way-connect-people-to-non-emergency-help-and-services/,9,site:https://www.marathonpetroleum.com/Newsroom/Company-News/ before:2026-01-09 after:2026-01-01
102,"In America's Strategic Midpoint, Hole-in-One Service ...","NORTH PLATTE, Neb. – Transportation has always been fundamental to North Platte, perched on the edge of North America's most extensive sand dune formation.Read more",https://www.phillips66.com/newsroom/2026-trego-dugan/,1,site:https://www.phillips66.com/newsroom/ before:2026-01-09 after:2026-01-01
103,Highlights from world's largest 'women in engineering' event,"Phillips 66 leaders share insights on innovation, technology and leading through change at the Society of Women Engineers annual conference.",https://www.phillips66.com/newsroom/highlights-from-women-in-engineering-event/,2,site:https://www.phillips66.com/newsroom/ before:2026-01-09 after:2026-01-01
104,Affordable Housing Reimagined: “Nothing Too Ambitious”,"With applications now open, the Open Call invites people to reimagine what is possible. That includes transforming housing counseling, consumer education and ...",https://www.capitalone.com/about/newsroom/affordable-housing-reimagined/,1,site:https://www.capitalone.com/about/newsroom/ before:2026-01-09 after:2026-01-01
105,Reclaiming Chicago and Capital One Announce $1M ...,Philanthropic Investment Expands Capital One's Ongoing Investment in Affordable Housing & Community Revitalization Across Chicago.,https://www.capitalone.com/about/newsroom/reclaiming-chicago-and-capital-one-announce-1m-investment/,2,site:https://www.capitalone.com/about/newsroom/ before:2026-01-09 after:2026-01-01
106,2026,"2026 Press releases · JPMorganChase Company Update 2026. January 23, 2026 · JPMorganChase Declares Preferred Stock Dividends. January 15, 2026 · JPMorganChase ...Read more",https://www.jpmorganchase.com/ir/news/2026,1,site:https://www.jpmorganchase.com/ir/news before:2026-01-09 after:2026-01-01
107,Chase to become new issuer of Apple Card,"Today, Apple and Chase announced that Chase will become the new issuer of Apple Card, with an expected transition in approximately 24 months. Apple Card users ...Read more",https://www.jpmorganchase.com/ir/news/2026/chase-to-become-new-issuer-of-apple-card,2,site:https://www.jpmorganchase.com/ir/news before:2026-01-09 after:2026-01-01
108,"San Francisco, reimagined","By supporting small businesses and helping revitalize neighborhoods, JPMorganChase is helping to power a thriving downtown economy. January 7, 2026.Read more",https://www.jpmorganchase.com/newsroom/stories/san-francisco-reimagined,1,site:https://www.jpmorganchase.com/newsroom before:2026-01-09 after:2026-01-01
109,The backbone of San Francisco,"That's how Stacy Dickinson, Business Banking Area Manager and Executive Director of JPMorganChase's San Jose office, first encountered her—at a local networking ...Read more",https://www.jpmorganchase.com/newsroom/stories/backbone-of-san-francisco,2,site:https://www.jpmorganchase.com/newsroom before:2026-01-09 after:2026-01-01
110,Housing San Franciscans can afford,"JPMorganChase is helping to build and preserve affordable housing in the city—to make living in San Francisco possible, from longtime residents to members ...Read more",https://www.jpmorganchase.com/newsroom/stories/housing-san-franciscans-can-afford,3,site:https://www.jpmorganchase.com/newsroom before:2026-01-09 after:2026-01-01
111,Chase to become new issuer of Apple Card,"Today, Apple and Chase announced that Chase will become the new issuer of Apple Card, with an expected transition in approximately 24 months. Apple Card users ...Read more",https://www.jpmorganchase.com/newsroom/press-releases/2026/chase-to-become-new-issuer-of-apple-card,4,site:https://www.jpmorganchase.com/newsroom before:2026-01-09 after:2026-01-01
112,JPMorganChase marks a year of support for wildfire recovery,"When wildfires spread through Los Angeles in January 2025, JPMorganChase acted swiftly to help deliver immediate relief to those most affected. The Altadena ...Read more",https://www.jpmorganchase.com/newsroom/press-releases/2026/a-year-of-support-los-angeles-wildfire-recovery,5,site:https://www.jpmorganchase.com/newsroom before:2026-01-09 after:2026-01-01
113,MetLife Declares First Quarter 2026 Common Stock Dividend,"NEW YORK, January 6, 2026 — MetLife, Inc. (NYSE: MET) today announced that its board of directors has declared a first quarter 2026 common stock dividend of ...Read more",https://www.metlife.com/about-us/newsroom/2026/january/metlife-declares-first-quarter-2026-common-stock-dividend/,1,site:https://www.metlife.com/about-us/newsroom/ before:2026-01-09 after:2026-01-01
114,MetLife to Hold Combined Earnings and Outlook ...,"NEW YORK, N.Y., January 7, 2026 — MetLife, Inc. (NYSE: MET) today announced that it will hold a combined fourth quarter and full year 2025 earnings and ...Read more",https://www.metlife.com/about-us/newsroom/2026/january/metlife-to-hold-combined-earnings-and-outlook-conference-call/,2,site:https://www.metlife.com/about-us/newsroom/ before:2026-01-09 after:2026-01-01
115,New MetLife Data Finds Rising Cost Pressures Outpacing ...,"MetLife's 2026 EBTS is based on two quantitative studies, conducted October 2025, including surveys of 2,480 HR decision-makers and leaders, and 2,541 full-time ...Read more",https://www.metlife.com/about-us/newsroom/2026/january/new-metlife-data-finds-rising-cost-pressures-outpacing-gains-in-workforce-well-being/,3,site:https://www.metlife.com/about-us/newsroom/ before:2026-01-09 after:2026-01-01
116,Travis Kelce becomes first three-time winner of ...,"For the fifth time in six years, the Kansas City Chiefs' club winner for Walter Payton NFL Man of the Year, presented by Nationwide, has won Nationwide's ...",https://news.nationwide.com/travis-kelce-becomes-first-three-time-winner-of-nationwides-charity-challenge/,1,site:https://news.nationwide.com/ before:2026-01-09 after:2026-01-01
117,Recycled Rides donation from Nationwide helps family ...,"The Recycled Rides program provides reliable transportation to individuals and families facing financial hardship. Family Promise of Las Vegas, Nationwide's ...Read more",https://news.nationwide.com/nationwides-recycled-rides-donation-helps-family-overcome-hardship-after-relocation/,2,site:https://news.nationwide.com/ before:2026-01-09 after:2026-01-01
118,"Nationwide Appoints Misty Kuamoo to SVP, Chief ...","Nationwide announced today that Misty Kuamoo will serve as the new SVP, Chief Technology Officer, Nationwide Financial. Kuamoo follows Michael Carrel who was ...Read more",https://news.nationwide.com/nationwide-appoints-misty-kuamoo-to-svp-chief-technology-officer-nationwide-financial/,3,site:https://news.nationwide.com/ before:2026-01-09 after:2026-01-01
119,"New Year, New Savings: Young Savers are Avoiding the ...","COLUMBUS, Ohio – As 2026 begins, a recent survey from the Nationwide Retirement Institute (NRI) reveals a surprising generational divide in retirement ...Read more",https://news.nationwide.com/new-year-new-savings-young-savers-are-avoiding-the-mistakes-older-savers-regret--you-can-too/,4,site:https://news.nationwide.com/ before:2026-01-09 after:2026-01-01
120,TIAA Institute Honors Research That Exposes Hidden Cost ...,"NEW YORK, January 5, 2026 – The TIAA Institute today announced that Taha Choukhmane of the Massachusetts Institute of Technology, Lucas Goodman of the U.S. ...Read more",https://www.tiaa.org/public/about-tiaa/news-press/press-releases/2026/01-05,1,site:https://www.tiaa.org/public/about-tiaa/news-press before:2026-01-09 after:2026-01-01
121,AbbVie News Center - News,"Reports Full-Year Diluted EPS of $2.36 on a GAAP Basis, a Decrease of 1.3 Percent; Adjusted Diluted EPS of $10.00, a Decrease of 1.2 Percent; These Results ...",https://news.abbvie.com/,1,site:https://news.abbvie.com/?utm_medium=cpc
122,Social media,AbbVie's YouTube channel has a range of videos that showcase our people and the work they are doing to address serious health challenges around the world.,https://news.abbvie.com/social-media,2,site:https://news.abbvie.com/?utm_medium=cpc
123,Allergan Announces FDA Approval of AVYCAZ® ...,Allergan announces FDA approval of AVYCAZ® (ceftazidime and avibactam) for pediatric patients - label now includes new data on use of AVYCAZ for treatment of ...,https://news.abbvie.com/2019-03-18,3,site:https://news.abbvie.com/?utm_medium=cpc
124,Corporate Fact Sheet,The information in the press releases on these pages was factually accurate on the date of publication. These press releases remain on AbbVie's website for ...,https://news.abbvie.com/fact-sheets?item=29937,4,site:https://news.abbvie.com/?utm_medium=cpc
125,Images,"We also welcome the opportunity to hear from you in these social channels, but remember we work in a highly-regulated industry with unique legal considerations.",https://news.abbvie.com/image-gallery?cat=2749,5,site:https://news.abbvie.com/?utm_medium=cpc
126,The Emotional Impact of CLL on Diverse Patient Populations,"*This U.S.-based survey was conducted between July 8 – October 4, 2024, and responses were obtained from 232 participants, which included 131 Caucasian ...",https://news.abbvie.com/image/abbvie-emotionalimpact-onepager.pdf,6,site:https://news.abbvie.com/?utm_medium=cpc
127,"AbbVie Expands Medical Device Facility in Sligo, Ireland ...","AbbVie is a global, research-based biopharmaceutical company formed in 2013 following separation from Abbott Laboratories. The company's mission ...",https://news.abbvie.com/index.php?s=2429&item=122624,7,site:https://news.abbvie.com/?utm_medium=cpc
128,AbbVie News Center - News,The information in the press releases on these pages was factually accurate on the date of publication. These press releases remain on AbbVie's website for ...,https://news.abbvie.com/index.php?s=2429&o=2260,8,site:https://news.abbvie.com/?utm_medium=cpc
129,FDA Approves BOTOX® (onabotulinumtoxinA) for Pediatric ...,"FDA approves BOTOX® (onabotulinumtoxinA) for pediatric patients with lower limb spasticity, excluding spasticity caused by cerebral palsy.",https://news.abbvie.com/index.php?s=2429&item=123533,9,site:https://news.abbvie.com/?utm_medium=cpc
130,AbbVie Announces Initiation of Pivotal Phase III Study ...,"Discovered and developed by AbbVie researchers, veliparib is being developed to help prevent DNA repair in cancer cells and increase the ...",https://news.abbvie.com/index.php?s=2429&item=122529,10,site:https://news.abbvie.com/?utm_medium=cpc
131,Images,"You can easily select and download photos below. If you are a member of the working press and need a photo that is not available on this website, please email ...",https://news.abbvie.com/image-gallery?cat=2749&o=25,1,site:https://news.abbvie.com/?utm_medium=cpc
132,AbbVie News Center - News,These press releases remain on AbbVie's website for historical purposes only. AbbVie assumes no duty to update the information to reflect subsequent ...,https://news.abbvie.com/index.php?s=2429&o=2280,2,site:https://news.abbvie.com/?utm_medium=cpc
133,AbbVie News Center - News,"Our media library provides you with our official AbbVie media including our logo, building and leaders.",https://news.abbvie.com/index.php?s=2429&o=70,3,site:https://news.abbvie.com/?utm_medium=cpc
134,AbbVie News Center - News,"AbbVie Highlights Robust Gastroenterology Portfolio with New Data in Crohn's Disease and Ulcerative Colitis at the UEG Week 2022. September 22, 2022.",https://news.abbvie.com/index.php?s=2429&o=390,4,site:https://news.abbvie.com/?utm_medium=cpc
135,AbbVie Submits for EU Marketing Authorization its ...,ABT-450 is being developed by AbbVie for use in combination with AbbVie's other investigational medicines for the treatment of hepatitis C.,https://news.abbvie.com/index.php?s=2429&item=122510,5,site:https://news.abbvie.com/?utm_medium=cpc
136,AbbVie News Center - News,"We also welcome the opportunity to hear from you in these social channels, but remember we work in a highly-regulated industry with unique legal considerations.",https://news.abbvie.com/index.php?s=2429&o=1280,6,site:https://news.abbvie.com/?utm_medium=cpc
137,CLL Emotional Impact Report Press Kit,"Findings from the survey are the first to report the emotional perspectives of Hispanic, Black and Asian patients with CLL and their unique experiences and ...",https://news.abbvie.com/CLL-Emotional-Impact-Report-Press-Kit,7,site:https://news.abbvie.com/?utm_medium=cpc
138,"“Blood Cancer, Explained”: Episode 3",Advocacy organizations like the Lymphoma Coalition (LC) and the Leukemia and Lymphoma Society (LLS) serve as a voice for the blood cancer patient community.,"https://news.abbvie.com/Blood-Cancer,-Explained-Episode-3",8,site:https://news.abbvie.com/?utm_medium=cpc
139,"AbbVie Increases Quarterly Dividend - Feb 20, 2014","AbbVie is a global, research-based biopharmaceutical company formed in 2013 following separation from Abbott Laboratories. The company's mission ...",https://news.abbvie.com/2014-02-20-AbbVie-Increases-Quarterly-Dividend,9,site:https://news.abbvie.com/?utm_medium=cpc
140,"AbbVie Declares Quarterly Dividend - Jun 17, 2021","(NYSE: ABBV) today declared a quarterly cash dividend of $1.30 per share. The cash dividend is payable August 16, 2021 to stockholders of record ...",https://news.abbvie.com/2021-06-17-AbbVie-Declares-Quarterly-Dividend,10,site:https://news.abbvie.com/?utm_medium=cpc
141,Cardinal Health to Announce Second-Quarter Results for ...,"DUBLIN, Ohio, Jan. 6, 2026 /PRNewswire/ -- Cardinal Health (NYSE: CAH) plans to release second-quarter financial results for its fiscal year 2026 on February 5, ...Read more",https://newsroom.cardinalhealth.com/2026-01-06-Cardinal-Health-to-Announce-Second-Quarter-Results-for-Fiscal-Year-2026-on-February-5,1,site:https://newsroom.cardinalhealth.com/ before:2026-01-09 after:2026-01-01
142,"Tony Hunter, Ph.D., celebrated for pioneering discoveries ...","New Brunswick, N.J. (January 8, 2026) – Johnson & Johnson today announced Tony Hunter, Ph.D., of the Salk Institute as the recipient of the 2025 Dr. Paul ...Read more",https://www.jnj.com/media-center/press-releases/johnson-johnson-celebrates-innovation-in-cancer-research-with-2025-dr-paul-janssen-award,1,site:https://www.jnj.com/media-center/press-releases before:2026-01-09 after:2026-01-01
143,Submits OTTAVA™ Robotic Surgical System to the US ...,"In late 2025, Johnson & Johnson received IDE approval to begin a U.S. clinical trial for OTTAVA in inguinal hernia procedures, one of the most common surgeries ...Read more",https://www.jnj.com/media-center/press-releases/johnson-johnson-submits-ottava-robotic-surgical-system-to-the-u-s-food-and-drug-administration,2,site:https://www.jnj.com/media-center/press-releases before:2026-01-09 after:2026-01-01
144,Johnson & Johnson submits application to the European ...,Johnson & Johnson has submitted a supplemental Biologics License Application (sBLA) for the use of teclistamab and daratumumab SC in combination as a treatment ...Read more,https://www.jnj.com/media-center/press-releases/johnson-johnson-submits-application-to-the-european-medicines-agency-for-tecvayli-teclistamab-in-combination-with-darzalex-daratumumab-subcutaneous-formulation-for-patients-with-relapsed-refractory-multiple-myeloma,3,site:https://www.jnj.com/media-center/press-releases before:2026-01-09 after:2026-01-01
145,Delivers on U.S. Manufacturing and Innovation Investments,Johnson & Johnson Reaches Agreement with U.S. Government to Improve Access to Medicines and Lower Costs for Millions of Americans; Delivers on U.S. ...Read more,https://www.jnj.com/media-center/press-releases/johnson-johnson-reaches-agreement-with-u-s-government-to-improve-access-to-medicines-and-lower-costs-for-millions-of-americans-delivers-on-u-s-manufacturing-and-innovation-investments,4,site:https://www.jnj.com/media-center/press-releases before:2026-01-09 after:2026-01-01
146,Johnson & Johnson Announces Quarterly Dividend for First ...,"The dividend is payable on March 10, 2026 to shareholders of record at the close of business on February 24, 2026. The ex-dividend date is February 24, 2026.Read more",https://www.jnj.com/media-center/press-releases/johnson-johnson-announces-quarterly-dividend-for-first-quarter-2026,5,site:https://www.jnj.com/media-center/press-releases before:2026-01-09 after:2026-01-01
147,The JASMINE study met the primary endpoint and ...,"Nipocalimab had a safety and tolerability profile consistent with previous Phase 2 studies, with no new safety signals identified. These data represent the ...Read more",https://www.jnj.com/media-center/press-releases/johnson-johnson-unveils-new-data-showing-nipocalimab-is-the-first-and-only-investigational-fcrn-blocker-with-potential-to-reduce-systemic-lupus-erythematosus-sle-activity-in-a-phase-2-study,6,site:https://www.jnj.com/media-center/press-releases before:2026-01-09 after:2026-01-01
148,News Releases | Boeing Newsroom,"News Releases · Jan 20, 2026. Boeing and Ethiopian Airlines Announce Order for Nine 787 Dreamliners · Jan 13, 2026. Delta Air Lines Orders up to 60 Boeing 787 ...Read more",https://boeing.mediaroom.com/news-releases-statements?category=797,1,site:https://boeing.mediaroom.com/ before:2026-01-09 after:2026-01-01
149,Boeing Continues Platinum Level Sponsorship of EAA ...,"Boeing proudly renews its Platinum Level sponsorship with the EAA for the annual AirVenture Oshkosh fly-in convention, including sponsorship of Boeing Plaza. ( ...Read more",https://boeing.mediaroom.com/2026-01-05-Boeing-Continues-Platinum-Level-Sponsorship-of-EAA-AirVenture-Oshkosh,2,site:https://boeing.mediaroom.com/ before:2026-01-09 after:2026-01-01
150,Boeing to Release Fourth Quarter Results on January 27,"ARLINGTON, Va., Jan. 7, 2026 /PRNewswire(opens in a new tab)/ -- The Boeing Company [NYSE: BA] will release its financial results for the fourth quarter of 2025 ...Read more",https://boeing.mediaroom.com/2026-01-07-Boeing-to-Release-Fourth-Quarter-Results-on-January-27,3,site:https://boeing.mediaroom.com/ before:2026-01-09 after:2026-01-01
151,Boeing and Alaska Airlines Announce Largest Airplane Order ...,"This order kicks off the 60th year of the two companies' partnership, which started when Boeing delivered a 727 to Alaska Airlines. The airline currently ...Read more",https://boeing.mediaroom.com/2026-01-07-Boeing-and-Alaska-Airlines-Announce-Largest-Airplane-Order-in-Airlines-History,4,site:https://boeing.mediaroom.com/ before:2026-01-09 after:2026-01-01
152,FedEx Upgrades Headquarters in Taiwan,"Taipei, January 7, 2026 – Federal Express Corporation (FedEx), one of the world's largest express transportation companies, today announced the official opening ...Read more",https://newsroom.fedex.com/newsroom/asia-english/fedex-upgrades-headquarters-in-taiwan,1,site:https://newsroom.fedex.com/ before:2026-01-09 after:2026-01-01
153,聯邦快遞台灣總部全新升級,台北，2026年1月7日— 全球最具規模的快遞運輸公司之一聯邦快遞（FedEx）今日宣布，正式啟用位於台北市、全新升級的台灣區總部辦公室。此舉不僅展現聯邦快遞對在地員工的 ...Read more,https://newsroom.fedex.com/newsroom/asia-zh-haunt/%E8%81%AF%E9%82%A6%E5%BF%AB%E9%81%9E%E5%8F%B0%E7%81%A3%E7%B8%BD%E9%83%A8%E5%85%A8%E6%96%B0%E5%8D%87%E7%B4%9A,2,site:https://newsroom.fedex.com/ before:2026-01-09 after:2026-01-01
154,"Asia Pacific, Middle East & Africa (AMEA)","Feb 9, 2009. 联邦快递位于广州白云国际机场的全新亚太区转运中心开始启用 · Logo-Express.jpg · Asia Pacific (English). Jan 15, 2009.Read more",https://newsroom.fedex.com/newsroom/amea?p=224,3,site:https://newsroom.fedex.com/ before:2026-01-09 after:2026-01-01
155,"Asia Pacific, Middle East & Africa (AMEA)","联邦快递为节日包裹提供包装、保养和运送小贴士 · Logo-Express.jpg · Asia Pacific (Simplified Chinese). Dec 12, 2011. 联邦快递当选2011中国最具人气雇主.Read more",https://newsroom.fedex.com/newsroom/amea?p=184,4,site:https://newsroom.fedex.com/ before:2026-01-09 after:2026-01-01
156,Asia Pacific (Traditional Chinese),"以人為本的重新設計提升員工體驗，並強化台灣在拓展亞洲區域網絡中的角色. Corporate Federal Express.JPG · Asia Pacific (Traditional Chinese). Jan 5, 2026.Read more",https://newsroom.fedex.com/newsroom/asia-zh-haunt,5,site:https://newsroom.fedex.com/ before:2026-01-09 after:2026-01-01
157,"No-Box, No-Label Returns and AI Adoption on the Rise as ...","MEMPHIS, Tenn., January 9, 2026 — FedEx Corp. (NYSE: FDX) today released its third annual FedEx Returns Survey in collaboration with Morning Consult, revealing ...Read more",https://newsroom.fedex.com/newsroom/global-english/no-box-no-label-returns-and-ai-adoption-on-the-rise-as-consumers-seek-convenience-for-returns,6,site:https://newsroom.fedex.com/ before:2026-01-09 after:2026-01-01
158,FedEx Garners SDG Corporate Award for Outstanding ...,The award underscores the company's support for the local Fair Trade movement and commitment to the Sustainable Development Goals (SDGs).Read more,https://newsroom.fedex.com/newsroom/asia-english/fedexgarners-sdg-corporate-award-for-outstanding-sustainability-leadership-and-community-impactin-hong-kong,7,site:https://newsroom.fedex.com/ before:2026-01-09 after:2026-01-01
159,FedEx Malaysia Recognised Among Asia's Best Places to ...,"FedEx Malaysia's recognition highlights its comprehensive support programs such as the Employee Assistance Program (EAP), wellness activities, flexible work ...Read more",https://newsroom.fedex.com/newsroom/asia-english/fedex-malaysia-recognised-among-asias-best-places-to-work-for-the-fifth-consecutive-year,8,site:https://newsroom.fedex.com/ before:2026-01-09 after:2026-01-01
160,FedEx榮獲公平企業賞彰顯其在香港卓越的可持續發展領導 ...,FedEx於2021年訂立目標，到2040年將實現全球業務碳中和營運。為加速推動企業可持續發展，並支持香港碳中和環境的願景，公司正透過車隊電動化，支援最後一哩遞送服務的轉型。Read more,https://newsroom.fedex.com/newsroom/asia-zh-haunt/fedex%E6%A6%AE%E7%8D%B2%E5%85%AC%E5%B9%B3%E4%BC%81%E6%A5%AD%E8%B3%9E-%E5%BD%B0%E9%A1%AF%E5%85%B6%E5%9C%A8%E9%A6%99%E6%B8%AF%E5%8D%93%E8%B6%8A%E7%9A%84%E5%8F%AF%E6%8C%81%E7%BA%8C%E7%99%BC%E5%B1%95%E9%A0%98%E5%B0%8E%E8%88%87%E7%A4%BE%E5%8D%80%E5%BD%B1%E9%9F%BF%E5%8A%9B,9,site:https://newsroom.fedex.com/ before:2026-01-09 after:2026-01-01
161,"RTX Recommends Shareholders Reject ""Mini-Tender"" ...","ARLINGTON, Va., Jan. 7, 2026 /PRNewswire/ -- RTX (NYSE: RTX) has received notice of an unsolicited ""mini-tender"" offer made by Tutanota LLC (Tutanota) to RTX ...Read more",https://www.rtx.com/news/news-center/2026/01/07/rtx-recommends-shareholders-reject-mini-tender-offer-by-tutanota-llc,1,site:https://www.rtx.com/news before:2026-01-09 after:2026-01-01
162,RTX to release fourth quarter earnings results on January ...,"ARLINGTON, Va., Jan. 6, 2026 /PRNewswire/ -- RTX (NYSE: RTX) will issue its fourth quarter and full year 2025 earnings results on Tuesday, January 27, prior to ...Read more",https://www.rtx.com/news/news-center/2026/01/06/rtx-to-release-fourth-quarter-earnings-results-on-january-27-2026,2,site:https://www.rtx.com/news before:2026-01-09 after:2026-01-01
163,RTX awarded FAA contract to deploy next-generation ...,"RTX awarded FAA contract to deploy next-generation surveillance radars for National Airspace System ... CEDAR RAPIDS, Iowa, Jan. 5, 2026 /PRNewswire/ -- ...Read more",https://www.rtx.com/news/news-center/2026/01/05/rtx-awarded-faa-contract-to-deploy-next-generation-surveillance-radars-for-nation,3,site:https://www.rtx.com/news before:2026-01-09 after:2026-01-01
164,"RTX Recommends Shareholders Reject ""Mini-Tender"" ...","ARLINGTON, Va., Jan. 7, 2026 /PRNewswire/ -- RTX (NYSE: RTX) has received notice of an unsolicited ""mini-tender"" offer made by Tutanota LLC (Tutanota) to RTX ...Read more",https://www.rtx.com/news/news-center/2026/01/07/rtx-recommends-shareholders-reject-mini-tender-offer-by-tutanota-llc,1,site:https://www.rtx.com/news before:2026-01-09 after:2026-01-01
165,RTX to release fourth quarter earnings results on January ...,"ARLINGTON, Va., Jan. 6, 2026 /PRNewswire/ -- RTX (NYSE: RTX) will issue its fourth quarter and full year 2025 earnings results on Tuesday, January 27, prior to ...Read more",https://www.rtx.com/news/news-center/2026/01/06/rtx-to-release-fourth-quarter-earnings-results-on-january-27-2026,2,site:https://www.rtx.com/news before:2026-01-09 after:2026-01-01
166,RTX awarded FAA contract to deploy next-generation ...,"RTX awarded FAA contract to deploy next-generation surveillance radars for National Airspace System ... CEDAR RAPIDS, Iowa, Jan. 5, 2026 /PRNewswire/ -- ...Read more",https://www.rtx.com/news/news-center/2026/01/05/rtx-awarded-faa-contract-to-deploy-next-generation-surveillance-radars-for-nation,3,site:https://www.rtx.com/news before:2026-01-09 after:2026-01-01
167,Chase to become new issuer of Apple Card,"Today, Apple and Chase announced that Chase will become the new issuer of Apple Card, with an expected transition in approximately 24 months.",https://www.apple.com/newsroom/2026/01/chase-to-become-new-issuer-of-apple-card/,1,site:https://www.apple.com/newsroom/ before:2026-01-09 after:2026-01-01
168,Stay active in the new year with Apple Watch,Apple Fitness+ is introducing new programming to help users to stay active and motivated to kick off 2026.,https://www.apple.com/newsroom/2026/01/stay-active-in-the-new-year-with-apple-watch/,2,site:https://www.apple.com/newsroom/ before:2026-01-09 after:2026-01-01
169,Spectrum Front Row tips off January 9 on Apple Vision Pro,"Spectrum and Apple unveiled the schedule for Spectrum Front Row in Apple Immersive, which will feature a series of live basketball games in a revolutionary ...Read more",https://www.apple.com/newsroom/2026/01/spectrum-front-row-tips-off-january-9-on-apple-vision-pro/,3,site:https://www.apple.com/newsroom/ before:2026-01-09 after:2026-01-01
170,Broadcom Launches Unified Wi-Fi 8 Platform for Seamless ...,"06, 2026 (GLOBE NEWSWIRE) -- CES -- Broadcom Inc. (NASDAQ: AVGO), a global leader in semiconductor and infrastructure software solutions, today announced ...Read more",https://www.broadcom.com/company/news/product-releases/63876,1,site:https://www.broadcom.com/company/news before:2026-01-09 after:2026-01-01
171,Newsroom | Dell USA,"Explore our comprehensive Press Kits designed specifically for media professionals, journalists and content creators covering Dell Technologies.Read more",https://www.dell.com/en-us/dt/corporate/newsroom.htm,1,site:https://www.dell.com/en-us/dt/corporate/newsroom.htm before:2026-01-09 after:2026-01-01
172,Bank NXT Partners with IBM and Inspire to Power Next- ...,"This integrated approach is designed to improve resilience, minimize downtime, optimize IT resources, and deliver faster, more reliable digital banking ...Read more",https://mea.newsroom.ibm.com/IBM-BankNXT,1,site:https://newsroom.ibm.com/ before:2026-01-09 after:2026-01-01
173,Latest News,"Latest News · Datavault AI Expands IBM Collaboration to Deploy Enterprise-Grade AI at the Edge with Available Infrastructure's SanQtum AI Platform. January 08, ...Read more",https://newsroom.ibm.com/campaign?item=2576,2,site:https://newsroom.ibm.com/ before:2026-01-09 after:2026-01-01
174,IBM - Announcements,"The Digital Operational Resilience Act (DORA) is a European Union regulation designed to ensure that financial entities—such as banks, insurance companies, and ...Read more",https://newsroom.ibm.com/announcements?o=10,3,site:https://newsroom.ibm.com/ before:2026-01-09 after:2026-01-01
175,Latest News,"Datavault AI Inc. (Nasdaq: DVLT), a leader in instant data monetization & enterprise digital twins, announced it will deliver enterprise-grade AI performance at ...Read more",https://newsroom.ibm.com/campaign?o=10,4,site:https://newsroom.ibm.com/ before:2026-01-09 after:2026-01-01
176,役員人事のお知らせ（2026年1月6日 発表）,お知らせ · 役員人事のお知らせ（2026年1月6日 発表）. 2026年01月 6日. 日本IBMは以下の人事を決定しました ...Read more,https://jp.newsroom.ibm.com/2026-01-06-Executive-Appointments,5,site:https://newsroom.ibm.com/ before:2026-01-09 after:2026-01-01
177,News Releases,新推出的Granite 3.0 8B 和2B 模型，在寬松的Apache 2.0 許可證下發佈，在許多學術和企業基準測試中表現出強大的性能，能夠超越或匹敵類似規模的模型。Read more,https://hongkong.newsroom.ibm.com/news-releases?l=100,6,site:https://newsroom.ibm.com/ before:2026-01-09 after:2026-01-01
178,2026年，开启根本性重塑，决胜未来十年---- CEO的核心使命,2026年，开启根本性重塑，决胜未来十年---- CEO的核心使命：打造数字自主企业 · 构建自主企业不仅是技术任务，更是领导层的核心要务，需将关键原则深度融入企业战略。 · 从设计 ...Read more,"https://china.newsroom.ibm.com/2026-01-08-2026-,-,-CEO",7,site:https://newsroom.ibm.com/ before:2026-01-09 after:2026-01-01
179,新年のご挨拶 ― 変化を力に、新しい時代の価値を共に実現 ...,日本は今、成長に向けた新たな段階へと歩を進めています。戦略分野が明確に定義され、積極的な投資が始まり、実行と成果を重視する機運が高まっています。Read more,https://jp.newsroom.ibm.com/2026-01-05-2025-New-Year-Message,8,site:https://newsroom.ibm.com/ before:2026-01-09 after:2026-01-01
180,Hybrid cloud press releases,"Today, at TechXchange 2025, IBM's (NYSE: IBM) annual event for developers and technologists, the company unveiled new and upcoming product capabilities designed ...Read more",https://newsroom.ibm.com/press-releases-hybrid-cloud?l=25,9,site:https://newsroom.ibm.com/ before:2026-01-09 after:2026-01-01
181,Good Tech press releases,"ARMONK, N.Y., 17. Februar 2022 -- IBM (NYSE: IBM) startet sein globales Pro-Bono-Programm für nachhaltige Projekte, namens IBM Sustainability Accelerator. In ...Read more",https://de.newsroom.ibm.com/announcements?category=776&l=50,10,site:https://newsroom.ibm.com/ before:2026-01-09 after:2026-01-01
182,IBM annuncia il rinnovo dell'accordo con l'All England ...,"La partnership offrirà esperienze digitali nuove e migliorate agli appassionati del Torneo di Wimbledon, grazie alla trasformazione guidata da IBM e ...Read more",https://it.newsroom.ibm.com/ibm-e-all-england-law-tennis-club-ai,1,site:https://newsroom.ibm.com/ before:2026-01-09 after:2026-01-01
183,THINK Blog DACH,"Entdecken Sie, wie die Maximo Application Suite von IBM dazu beiträgt, die Lebensdauer von Gebäuden, Büros und Anlagen zu verlängern, ihre Nutzung zu optimieren ...Read more",https://de.newsroom.ibm.com/think-blog-dach?cat=15,2,site:https://newsroom.ibm.com/ before:2026-01-09 after:2026-01-01
184,Hybrid cloud press releases,"Today, at TechXchange 2025, IBM's (NYSE: IBM) annual event for developers and technologists, the company unveiled new and upcoming product capabilities ...Read more",https://newsroom.ibm.com/press-releases-hybrid-cloud?l=50,3,site:https://newsroom.ibm.com/ before:2026-01-09 after:2026-01-01
185,IBM Unveils the Technologies Defining the Global and ...,"IBM Unveils the Technologies Defining the Global and UAE Business Landscape in 2026. • Fast decision-making will turn disruption into opportunity, with 63% of ...Read more",https://mea.newsroom.ibm.com/IBM-Unveils-Technologies-Defining-Global-and-UAE-Business-Landscape-2026,4,site:https://newsroom.ibm.com/ before:2026-01-09 after:2026-01-01
186,S-Management Services und IBM verstärken Software ...,"IBM watsonx ist ein Portfolio an KI-Produkten, das die Wirkung von generativer KI in zentralen Arbeitsabläufen beschleunigt und zur Produktivitätssteigerung ...Read more",https://de.newsroom.ibm.com/S-Management-Services-und-IBM-verstarken-Software-Angebot-fur-die-Sparkassen-Finanzgruppe,5,site:https://newsroom.ibm.com/ before:2026-01-09 after:2026-01-01
187,Etude IBM : 40 % des consommateurs français utilisent ...,"L'IA transforme le comportement d'achat, guidant les consommateurs dans leurs recherches et leurs choix.Read more",https://fr.newsroom.ibm.com/Etude-IBM-40-des-consommateurs-fran-ais-utilisent-d-sormais-lIA-pour-les-guider-dans-leurs-achats,6,site:https://newsroom.ibm.com/ before:2026-01-09 after:2026-01-01
188,IBM-NRF Study: Brands and Retailers Navigate a New ...,"The following article is authored by Dee Waddell, Global Head of Consumer, Travel & Transportation Industries, IBM Consulting. Jan 7, 2026.Read more",https://newsroom.ibm.com/2026-01-07-ibm-nrf-study-brands-and-retailers-navigate-a-new-reality-as-ai-shapes-consumer-decisions-before-shopping-begins,7,site:https://newsroom.ibm.com/ before:2026-01-09 after:2026-01-01
189,Datavault AI Expands IBM Collaboration to Deploy ...,"New York, NY — January 8, 2026 — Datavault AI Inc. (Nasdaq: DVLT), a leader in instant data monetization & enterprise digital twins, announced it will deliver ...Read more",https://newsroom.ibm.com/2026-01-08-datavault-ai-expands-ibm-collaboration-to-deploy-enterprise-grade-ai-at-the-edge-with-available-infrastructures-snqtum-ai-platform,8,site:https://newsroom.ibm.com/ before:2026-01-09 after:2026-01-01
190,IBM Announces Long-Term Renewal as the Official AI ...,"LONDON, 06 January 2026 – IBM (NYSE: IBM) and The All England Lawn Tennis Club today announced a multi-year renewal of their long-standing, landmark technology ...Read more",https://uk.newsroom.ibm.com/ibm-announces-long-term-renewal-as-the-official-ai-cloud-and-digital-transformation-partner-for-aeltc,9,site:https://newsroom.ibm.com/ before:2026-01-09 after:2026-01-01
191,IBM verlängert langfristige Partnerschaft als offizieller ...,"IBM verlängert langfristige Partnerschaft als offizieller Partner für KI, Cloud und digitale Transformation des All England Lawn Tennis Club.Read more","https://de.newsroom.ibm.com/2026-01-06-IBM-verlangert-langfristige-Partnerschaft-als-offizieller-Partner-fur-KI,-Cloud-und-digitale-Transformation-des-All-England-Lawn-Tennis-Club",10,site:https://newsroom.ibm.com/ before:2026-01-09 after:2026-01-01
192,NVIDIA Kicks Off the Next Generation of AI With Rubin,"NVIDIA Rubin is in full production, and Rubin-based products will be available from partners the second half of 2026.Read more",https://nvidianews.nvidia.com/news/rubin-platform-ai-supercomputer,1,site:https://nvidianews.nvidia.com/ before:2026-01-09 after:2026-01-01
193,NVIDIA Announces Alpamayo Family of Open-Source AI ...,"NVIDIA today unveiled the NVIDIA Alpamayo family of open AI models, simulation tools and datasets designed to accelerate the next era of safe, ...",https://nvidianews.nvidia.com/news/alpamayo-autonomous-vehicle-development,2,site:https://nvidianews.nvidia.com/ before:2026-01-09 after:2026-01-01
194,NVIDIA Kicks Off the Next Generation of AI With Rubin,"The Rubin platform marks NVIDIA's third-generation rack-scale architecture, with more than 80 NVIDIA MGX™ ecosystem partners.Read more",https://nvidianews.nvidia.com/_gallery/download_pdf/695c39b23d633240d175d8e6/,3,site:https://nvidianews.nvidia.com/ before:2026-01-09 after:2026-01-01
195,NVIDIA Announces Alpamayo Family of Open-Source AI ...,NVIDIA is the first to release an open reasoning VLA model designed to tackle long-tail autonomous driving challenges; NVIDIA Alpamayo family also includes ...Read more,https://nvidianews.nvidia.com/_gallery/download_pdf/695c328f3d63321944e355d9/,4,site:https://nvidianews.nvidia.com/ before:2026-01-09 after:2026-01-01
196,NVIDIA BlueField-4 Powers New Class of AI-Native ...,"NVIDIA BlueField-4 powers NVIDIA Inference Context Memory Storage Platform, a new kind of AI-native storage infrastructure designed for gigascale inference, ...Read more",https://nvidianews.nvidia.com/_gallery/download_pdf/695c3d883d6332559a6a627d/,5,site:https://nvidianews.nvidia.com/ before:2026-01-09 after:2026-01-01
197,Siemens and NVIDIA Expand Partnership to Build the ...,"Through AI, Siemens and NVIDIA are reinventing the entire end-to-end industrial value chain — from design and engineering to manufacturing, production, ...Read more",https://nvidianews.nvidia.com/_gallery/download_pdf/695bfcaf3d6332fc0bb854af/,6,site:https://nvidianews.nvidia.com/ before:2026-01-09 after:2026-01-01
198,Siemens and NVIDIA Expand Partnership to Build the ...,Siemens and NVIDIA today announced a significant expansion of their strategic partnership to bring artificial intelligence into the real world.,https://nvidianews.nvidia.com/news/siemens-and-nvidia-expand-partnership-industrial-ai-operating-system,7,site:https://nvidianews.nvidia.com/ before:2026-01-09 after:2026-01-01
199,Latest News,"Announced at the CES trade show running this week in Las Vegas, NVIDIA is bringing more devices, more games and more ways to play to its GeForce NOW cloud ...Read more",https://nvidianews.nvidia.com/news/latest?page=2,8,site:https://nvidianews.nvidia.com/ before:2026-01-09 after:2026-01-01
200,NVIDIA Releases New Physical AI Models as Global ...,"NVIDIA today announced new open models, frameworks and AI infrastructure for physical AI, and unveiled robots for every industry from global partners.",https://nvidianews.nvidia.com/news/nvidia-releases-new-physical-ai-models-as-global-partners-unveil-next-generation-robots,9,site:https://nvidianews.nvidia.com/ before:2026-01-09 after:2026-01-01
201,NVIDIA BlueField-4 Powers New Class of AI-Native ...,"NVIDIA today announced that the NVIDIA BlueField®-4 data processor, part of the full-stack NVIDIA BlueField platform, powers NVIDIA Inference Context Memory ...",https://nvidianews.nvidia.com/news/nvidia-bluefield-4-powers-new-class-of-ai-native-storage-infrastructure-for-the-next-frontier-of-ai,10,site:https://nvidianews.nvidia.com/ before:2026-01-09 after:2026-01-01
